name,prior_mean,prior_stdev,prior_lower_bound,prior_upper_bound,post_mean,post_stdev,post_lower_bound,post_upper_bound
HK000,0.69897,0.5,-0.30103,1.69897,0.750804,0.497232,-0.24366,1.74527
HK001,0.69897,0.5,-0.30103,1.69897,0.563316,0.489168,-0.41502,1.54165
HK002,0.69897,0.5,-0.30103,1.69897,0.732126,0.499878,-0.267631,1.73188
HK003,0.69897,0.5,-0.30103,1.69897,0.69897,0.5,-0.30103,1.69897
HK004,0.69897,0.5,-0.30103,1.69897,0.657841,0.488948,-0.320056,1.63574
HK005,0.69897,0.5,-0.30103,1.69897,0.671769,0.49074,-0.309712,1.65325
HK006,0.69897,0.5,-0.30103,1.69897,0.712002,0.499708,-0.287414,1.71142
HK007,0.69897,0.5,-0.30103,1.69897,0.677567,0.492513,-0.30746,1.66259
HK008,0.69897,0.5,-0.30103,1.69897,0.69897,0.5,-0.30103,1.69897
HK009,0.69897,0.5,-0.30103,1.69897,0.673524,0.499967,-0.32641,1.67346
HK010,0.69897,0.5,-0.30103,1.69897,0.657426,0.489392,-0.321358,1.63621
HK011,0.69897,0.5,-0.30103,1.69897,0.716979,0.499858,-0.282736,1.7167
HK012,0.69897,0.5,-0.30103,1.69897,0.69897,0.5,-0.30103,1.69897
HK013,0.69897,0.5,-0.30103,1.69897,0.595005,0.49953,-0.404055,1.59406
HK014,0.69897,0.5,-0.30103,1.69897,0.661038,0.490799,-0.320561,1.64264
HK015,0.69897,0.5,-0.30103,1.69897,0.69897,0.5,-0.30103,1.69897
HK016,0.69897,0.5,-0.30103,1.69897,0.686993,0.499958,-0.312923,1.68691
HK017,0.69897,0.5,-0.30103,1.69897,0.567709,0.499356,-0.431003,1.56642
HK018,0.69897,0.5,-0.30103,1.69897,0.69897,0.5,-0.30103,1.69897
HK019,0.69897,0.5,-0.30103,1.69897,0.671118,0.499638,-0.328158,1.67039
HK020,0.69897,0.5,-0.30103,1.69897,0.720058,0.499848,-0.279637,1.71975
HK021,0.69897,0.5,-0.30103,1.69897,0.69897,0.5,-0.30103,1.69897
HK022,0.69897,0.5,-0.30103,1.69897,0.707594,0.499948,-0.292302,1.70749
HK023,0.69897,0.5,-0.30103,1.69897,0.669856,0.499828,-0.329801,1.66951
HK024,0.69897,0.5,-0.30103,1.69897,0.69897,0.5,-0.30103,1.69897
HK025,0.69897,0.5,-0.30103,1.69897,0.69897,0.5,-0.30103,1.69897
HK026,0.69897,0.5,-0.30103,1.69897,0.687239,0.49992,-0.312601,1.68708
HK027,0.69897,0.5,-0.30103,1.69897,0.660049,0.499956,-0.339864,1.65996
HK028,0.69897,0.5,-0.30103,1.69897,0.698351,0.49989,-0.301429,1.69813
HK029,0.69897,0.5,-0.30103,1.69897,0.706291,0.499223,-0.292155,1.70474
HK030,0.69897,0.5,-0.30103,1.69897,0.69897,0.5,-0.30103,1.69897
HK031,0.69897,0.5,-0.30103,1.69897,0.669484,0.499958,-0.330432,1.6694
HK032,0.69897,0.5,-0.30103,1.69897,0.621915,0.499896,-0.377876,1.62171
HK033,0.69897,0.5,-0.30103,1.69897,0.699165,0.499915,-0.300664,1.699
HK034,0.69897,0.5,-0.30103,1.69897,0.69897,0.5,-0.30103,1.69897
HK035,0.69897,0.5,-0.30103,1.69897,0.732552,0.499948,-0.267343,1.73245
HK036,0.69897,0.5,-0.30103,1.69897,0.704496,0.499969,-0.295441,1.70443
HK037,0.69897,0.5,-0.30103,1.69897,0.729128,0.499952,-0.270776,1.72903
HK038,0.69897,0.5,-0.30103,1.69897,0.699496,0.499229,-0.298961,1.69795
HK039,0.69897,0.5,-0.30103,1.69897,0.69897,0.5,-0.30103,1.69897
HK040,0.69897,0.5,-0.30103,1.69897,0.797294,0.49414,-0.190986,1.78557
HK041,0.69897,0.5,-0.30103,1.69897,0.684968,0.499955,-0.314943,1.68488
HK042,0.69897,0.5,-0.30103,1.69897,0.684636,0.499918,-0.3152,1.68447
HK043,0.69897,0.5,-0.30103,1.69897,0.701517,0.499478,-0.29744,1.70047
HK044,0.69897,0.5,-0.30103,1.69897,0.69897,0.5,-0.30103,1.69897
HK045,0.69897,0.5,-0.30103,1.69897,0.732042,0.499982,-0.267922,1.73201
HK046,0.69897,0.5,-0.30103,1.69897,0.715737,0.499929,-0.284122,1.7156
HK047,0.69897,0.5,-0.30103,1.69897,0.56774,0.499385,-0.43103,1.56651
HK048,0.69897,0.5,-0.30103,1.69897,0.69897,0.5,-0.30103,1.69897
HK049,0.69897,0.5,-0.30103,1.69897,0.69897,0.5,-0.30103,1.69897
HK050,0.69897,0.5,-0.30103,1.69897,0.742658,0.499958,-0.257258,1.74257
HK051,0.69897,0.5,-0.30103,1.69897,0.702423,0.49991,-0.297397,1.70224
HK052,0.69897,0.5,-0.30103,1.69897,0.711029,0.499897,-0.288765,1.71082
HK053,0.69897,0.5,-0.30103,1.69897,0.69897,0.5,-0.30103,1.69897
HK054,0.69897,0.5,-0.30103,1.69897,0.69897,0.5,-0.30103,1.69897
HK055,0.69897,0.5,-0.30103,1.69897,0.727577,0.499765,-0.271953,1.72711
HK056,0.69897,0.5,-0.30103,1.69897,0.69897,0.5,-0.30103,1.69897
HK057,0.69897,0.5,-0.30103,1.69897,0.69897,0.5,-0.30103,1.69897
HK058,0.69897,0.5,-0.30103,1.69897,0.725873,0.499957,-0.27404,1.72579
HK059,0.69897,0.5,-0.30103,1.69897,0.69897,0.5,-0.30103,1.69897
HK100,0.69897,0.5,-0.30103,1.69897,1.14166,0.412266,0.317129,1.96619
HK101,0.69897,0.5,-0.30103,1.69897,0.731962,0.499314,-0.266667,1.73059
HK102,0.69897,0.5,-0.30103,1.69897,0.605208,0.499323,-0.393438,1.60385
HK103,0.69897,0.5,-0.30103,1.69897,0.69897,0.5,-0.30103,1.69897
HK104,0.69897,0.5,-0.30103,1.69897,0.812463,0.498552,-0.184641,1.80957
HK105,0.69897,0.5,-0.30103,1.69897,0.547584,0.498006,-0.448429,1.5436
HK106,0.69897,0.5,-0.30103,1.69897,0.69897,0.5,-0.30103,1.69897
HK107,0.69897,0.5,-0.30103,1.69897,0.668023,0.49744,-0.326857,1.6629
HK108,0.69897,0.5,-0.30103,1.69897,0.69897,0.5,-0.30103,1.69897
HK109,0.69897,0.5,-0.30103,1.69897,0.716248,0.499406,-0.282564,1.71506
HK110,0.69897,0.5,-0.30103,1.69897,0.720221,0.493214,-0.266207,1.70665
HK111,0.69897,0.5,-0.30103,1.69897,0.58573,0.499116,-0.412501,1.58396
HK112,0.69897,0.5,-0.30103,1.69897,0.69897,0.5,-0.30103,1.69897
HK113,0.69897,0.5,-0.30103,1.69897,0.671049,0.499251,-0.327453,1.66955
HK114,0.69897,0.5,-0.30103,1.69897,0.614914,0.499044,-0.383175,1.613
HK115,0.69897,0.5,-0.30103,1.69897,0.69897,0.5,-0.30103,1.69897
HK116,0.69897,0.5,-0.30103,1.69897,0.697478,0.499658,-0.301839,1.69679
HK117,0.69897,0.5,-0.30103,1.69897,0.674713,0.499742,-0.324772,1.6742
HK118,0.69897,0.5,-0.30103,1.69897,0.69897,0.5,-0.30103,1.69897
HK119,0.69897,0.5,-0.30103,1.69897,0.671905,0.498742,-0.325579,1.66939
HK120,0.69897,0.5,-0.30103,1.69897,0.692643,0.499157,-0.305671,1.69096
HK121,0.69897,0.5,-0.30103,1.69897,0.69897,0.5,-0.30103,1.69897
HK122,0.69897,0.5,-0.30103,1.69897,0.686648,0.499592,-0.312536,1.68583
HK123,0.69897,0.5,-0.30103,1.69897,0.699214,0.499764,-0.300314,1.69874
HK124,0.69897,0.5,-0.30103,1.69897,0.69897,0.5,-0.30103,1.69897
HK125,0.69897,0.5,-0.30103,1.69897,0.69897,0.5,-0.30103,1.69897
HK126,0.69897,0.5,-0.30103,1.69897,0.707571,0.499575,-0.29158,1.70672
HK127,0.69897,0.5,-0.30103,1.69897,0.666005,0.499893,-0.333782,1.66579
HK128,0.69897,0.5,-0.30103,1.69897,0.678511,0.499796,-0.32108,1.6781
HK129,0.69897,0.5,-0.30103,1.69897,0.750468,0.498447,-0.246426,1.74736
HK130,0.69897,0.5,-0.30103,1.69897,0.69897,0.5,-0.30103,1.69897
HK131,0.69897,0.5,-0.30103,1.69897,0.67536,0.499857,-0.324353,1.67507
HK132,0.69897,0.5,-0.30103,1.69897,0.725575,0.499831,-0.274086,1.72524
HK133,0.69897,0.5,-0.30103,1.69897,0.687753,0.499866,-0.31198,1.68748
HK134,0.69897,0.5,-0.30103,1.69897,0.69897,0.5,-0.30103,1.69897
HK135,0.69897,0.5,-0.30103,1.69897,0.692912,0.499963,-0.307014,1.69284
HK136,0.69897,0.5,-0.30103,1.69897,0.653046,0.499871,-0.346696,1.65279
HK137,0.69897,0.5,-0.30103,1.69897,0.677923,0.499931,-0.32194,1.67779
HK138,0.69897,0.5,-0.30103,1.69897,0.695557,0.498619,-0.301681,1.6928
HK139,0.69897,0.5,-0.30103,1.69897,0.69897,0.5,-0.30103,1.69897
HK140,0.69897,0.5,-0.30103,1.69897,0.706391,0.499982,-0.293574,1.70636
HK141,0.69897,0.5,-0.30103,1.69897,0.633771,0.499883,-0.365996,1.63354
HK142,0.69897,0.5,-0.30103,1.69897,0.692592,0.499954,-0.307316,1.6925
HK143,0.69897,0.5,-0.30103,1.69897,0.695159,0.498901,-0.302642,1.69296
HK144,0.69897,0.5,-0.30103,1.69897,0.69897,0.5,-0.30103,1.69897
HK145,0.69897,0.5,-0.30103,1.69897,0.573359,0.499562,-0.425765,1.57248
HK146,0.69897,0.5,-0.30103,1.69897,0.711632,0.499917,-0.288201,1.71146
HK147,0.69897,0.5,-0.30103,1.69897,0.742604,0.499905,-0.257207,1.74241
HK148,0.69897,0.5,-0.30103,1.69897,0.69897,0.5,-0.30103,1.69897
HK149,0.69897,0.5,-0.30103,1.69897,0.69897,0.5,-0.30103,1.69897
HK150,0.69897,0.5,-0.30103,1.69897,0.708336,0.499966,-0.291596,1.70827
HK151,0.69897,0.5,-0.30103,1.69897,0.647624,0.499761,-0.351898,1.64714
HK152,0.69897,0.5,-0.30103,1.69897,0.682875,0.499767,-0.316659,1.68241
HK153,0.69897,0.5,-0.30103,1.69897,0.69897,0.5,-0.30103,1.69897
HK154,0.69897,0.5,-0.30103,1.69897,0.69897,0.5,-0.30103,1.69897
HK155,0.69897,0.5,-0.30103,1.69897,0.720635,0.499432,-0.278228,1.7195
HK156,0.69897,0.5,-0.30103,1.69897,0.634315,0.49956,-0.364804,1.63344
HK157,0.69897,0.5,-0.30103,1.69897,0.69897,0.5,-0.30103,1.69897
HK158,0.69897,0.5,-0.30103,1.69897,0.685905,0.499368,-0.31283,1.68464
HK159,0.69897,0.5,-0.30103,1.69897,0.69897,0.5,-0.30103,1.69897
HK200,0.69897,0.5,-0.30103,1.69897,0.751076,0.331109,0.0888584,1.41329
HK201,0.69897,0.5,-0.30103,1.69897,0.776553,0.498963,-0.221373,1.77448
HK202,0.69897,0.5,-0.30103,1.69897,0.63503,0.49892,-0.362809,1.63287
HK203,0.69897,0.5,-0.30103,1.69897,0.69897,0.5,-0.30103,1.69897
HK204,0.69897,0.5,-0.30103,1.69897,0.797504,0.496582,-0.195659,1.79067
HK205,0.69897,0.5,-0.30103,1.69897,0.812861,0.499143,-0.185424,1.81115
HK206,0.69897,0.5,-0.30103,1.69897,0.69897,0.5,-0.30103,1.69897
HK207,0.69897,0.5,-0.30103,1.69897,0.69897,0.5,-0.30103,1.69897
HK208,0.69897,0.5,-0.30103,1.69897,0.69897,0.5,-0.30103,1.69897
HK209,0.69897,0.5,-0.30103,1.69897,0.694423,0.497455,-0.300486,1.68933
HK210,0.69897,0.5,-0.30103,1.69897,0.72935,0.496333,-0.263316,1.72202
HK211,0.69897,0.5,-0.30103,1.69897,0.659119,0.498489,-0.337859,1.6561
HK212,0.69897,0.5,-0.30103,1.69897,0.69897,0.5,-0.30103,1.69897
HK213,0.69897,0.5,-0.30103,1.69897,0.835464,0.493372,-0.151281,1.82221
HK214,0.69897,0.5,-0.30103,1.69897,0.781413,0.498843,-0.216274,1.7791
HK215,0.69897,0.5,-0.30103,1.69897,0.69897,0.5,-0.30103,1.69897
HK216,0.69897,0.5,-0.30103,1.69897,0.650299,0.498974,-0.347649,1.64825
HK217,0.69897,0.5,-0.30103,1.69897,0.648073,0.499051,-0.35003,1.64618
HK218,0.69897,0.5,-0.30103,1.69897,0.539128,0.499578,-0.460027,1.53828
HK219,0.69897,0.5,-0.30103,1.69897,0.635262,0.49791,-0.360557,1.63108
HK220,0.69897,0.5,-0.30103,1.69897,0.698011,0.497956,-0.2979,1.69392
HK221,0.69897,0.5,-0.30103,1.69897,0.69897,0.5,-0.30103,1.69897
HK222,0.69897,0.5,-0.30103,1.69897,0.657761,0.496921,-0.336081,1.6516
HK223,0.69897,0.5,-0.30103,1.69897,0.640181,0.499144,-0.358107,1.63847
HK224,0.69897,0.5,-0.30103,1.69897,0.698346,0.489133,-0.27992,1.67661
HK225,0.69897,0.5,-0.30103,1.69897,0.69897,0.5,-0.30103,1.69897
HK226,0.69897,0.5,-0.30103,1.69897,0.644253,0.497005,-0.349757,1.63826
HK227,0.69897,0.5,-0.30103,1.69897,0.662614,0.499631,-0.336648,1.66188
HK228,0.69897,0.5,-0.30103,1.69897,0.640327,0.499189,-0.358051,1.63871
HK229,0.69897,0.5,-0.30103,1.69897,0.69897,0.5,-0.30103,1.69897
HK230,0.69897,0.5,-0.30103,1.69897,0.69897,0.5,-0.30103,1.69897
HK231,0.69897,0.5,-0.30103,1.69897,0.68866,0.499769,-0.310879,1.6882
HK232,0.69897,0.5,-0.30103,1.69897,0.721819,0.499461,-0.277103,1.72074
HK233,0.69897,0.5,-0.30103,1.69897,0.638536,0.499533,-0.36053,1.6376
HK234,0.69897,0.5,-0.30103,1.69897,0.69897,0.5,-0.30103,1.69897
HK235,0.69897,0.5,-0.30103,1.69897,0.690404,0.499012,-0.307621,1.68843
HK236,0.69897,0.5,-0.30103,1.69897,0.708237,0.499698,-0.291158,1.70763
HK237,0.69897,0.5,-0.30103,1.69897,0.67773,0.4998,-0.32187,1.67733
HK238,0.69897,0.5,-0.30103,1.69897,0.69897,0.5,-0.30103,1.69897
HK239,0.69897,0.5,-0.30103,1.69897,0.69897,0.5,-0.30103,1.69897
HK240,0.69897,0.5,-0.30103,1.69897,0.748411,0.498961,-0.249512,1.74633
HK241,0.69897,0.5,-0.30103,1.69897,0.676994,0.499735,-0.322476,1.67646
HK242,0.69897,0.5,-0.30103,1.69897,0.623892,0.49985,-0.375809,1.62359
HK243,0.69897,0.5,-0.30103,1.69897,0.69897,0.5,-0.30103,1.69897
HK244,0.69897,0.5,-0.30103,1.69897,0.69897,0.5,-0.30103,1.69897
HK245,0.69897,0.5,-0.30103,1.69897,0.748896,0.498973,-0.24905,1.74684
HK246,0.69897,0.5,-0.30103,1.69897,0.689863,0.499794,-0.309725,1.68945
HK247,0.69897,0.5,-0.30103,1.69897,0.718992,0.499829,-0.280666,1.71865
HK248,0.69897,0.5,-0.30103,1.69897,0.69897,0.5,-0.30103,1.69897
HK249,0.69897,0.5,-0.30103,1.69897,0.69897,0.5,-0.30103,1.69897
HK250,0.69897,0.5,-0.30103,1.69897,0.680284,0.498937,-0.31759,1.67816
HK251,0.69897,0.5,-0.30103,1.69897,0.489083,0.493976,-0.498869,1.47704
HK252,0.69897,0.5,-0.30103,1.69897,0.51918,0.494049,-0.468918,1.50728
HK253,0.69897,0.5,-0.30103,1.69897,0.69897,0.5,-0.30103,1.69897
HK254,0.69897,0.5,-0.30103,1.69897,0.69897,0.5,-0.30103,1.69897
HK255,0.69897,0.5,-0.30103,1.69897,0.547306,0.493345,-0.439384,1.534
HK256,0.69897,0.5,-0.30103,1.69897,0.55111,0.493129,-0.435147,1.53737
HK257,0.69897,0.5,-0.30103,1.69897,0.69897,0.5,-0.30103,1.69897
HK258,0.69897,0.5,-0.30103,1.69897,0.303472,0.477959,-0.652445,1.25939
HK259,0.69897,0.5,-0.30103,1.69897,0.69897,0.5,-0.30103,1.69897
HK300,0.69897,0.5,-0.30103,1.69897,0.702711,0.265978,0.170755,1.23467
HK301,0.69897,0.5,-0.30103,1.69897,0.836801,0.493686,-0.150571,1.82417
HK302,0.69897,0.5,-0.30103,1.69897,0.601975,0.496223,-0.390471,1.59442
HK303,0.69897,0.5,-0.30103,1.69897,0.69897,0.5,-0.30103,1.69897
HK304,0.69897,0.5,-0.30103,1.69897,1.01224,0.487439,0.0373613,1.98712
HK305,0.69897,0.5,-0.30103,1.69897,1.39897,0.478056,0.442857,2.35508
HK306,0.69897,0.5,-0.30103,1.69897,0.69897,0.5,-0.30103,1.69897
HK307,0.69897,0.5,-0.30103,1.69897,0.69897,0.5,-0.30103,1.69897
HK308,0.69897,0.5,-0.30103,1.69897,0.69897,0.5,-0.30103,1.69897
HK309,0.69897,0.5,-0.30103,1.69897,0.879128,0.484975,-0.0908213,1.84908
HK310,0.69897,0.5,-0.30103,1.69897,0.841134,0.492191,-0.143247,1.82552
HK311,0.69897,0.5,-0.30103,1.69897,0.516778,0.494449,-0.47212,1.50568
HK312,0.69897,0.5,-0.30103,1.69897,0.69897,0.5,-0.30103,1.69897
HK313,0.69897,0.5,-0.30103,1.69897,0.763178,0.489603,-0.216029,1.74238
HK314,0.69897,0.5,-0.30103,1.69897,0.742062,0.492934,-0.243807,1.72793
HK315,0.69897,0.5,-0.30103,1.69897,0.69897,0.5,-0.30103,1.69897
HK316,0.69897,0.5,-0.30103,1.69897,0.833332,0.491937,-0.150542,1.81721
HK317,0.69897,0.5,-0.30103,1.69897,0.760553,0.492848,-0.225142,1.74625
HK318,0.69897,0.5,-0.30103,1.69897,0.808565,0.493365,-0.178165,1.7953
HK319,0.69897,0.5,-0.30103,1.69897,0.693868,0.499185,-0.304502,1.69224
HK320,0.69897,0.5,-0.30103,1.69897,0.698186,0.495639,-0.293091,1.68946
HK321,0.69897,0.5,-0.30103,1.69897,0.69897,0.5,-0.30103,1.69897
HK322,0.69897,0.5,-0.30103,1.69897,0.575597,0.494053,-0.412509,1.5637
HK323,0.69897,0.5,-0.30103,1.69897,0.605616,0.496275,-0.386933,1.59817
HK324,0.69897,0.5,-0.30103,1.69897,0.698918,0.486772,-0.274626,1.67246
HK325,0.69897,0.5,-0.30103,1.69897,0.69897,0.5,-0.30103,1.69897
HK326,0.69897,0.5,-0.30103,1.69897,0.537134,0.49463,-0.452127,1.5264
HK327,0.69897,0.5,-0.30103,1.69897,0.623981,0.498595,-0.373209,1.62117
HK328,0.69897,0.5,-0.30103,1.69897,0.628949,0.496264,-0.36358,1.62148
HK329,0.69897,0.5,-0.30103,1.69897,0.700711,0.499478,-0.298246,1.69967
HK330,0.69897,0.5,-0.30103,1.69897,0.69897,0.5,-0.30103,1.69897
HK331,0.69897,0.5,-0.30103,1.69897,0.654872,0.499069,-0.343266,1.65301
HK332,0.69897,0.5,-0.30103,1.69897,0.625531,0.497983,-0.370436,1.6215
HK333,0.69897,0.5,-0.30103,1.69897,0.661616,0.498538,-0.335459,1.65869
HK334,0.69897,0.5,-0.30103,1.69897,0.69897,0.5,-0.30103,1.69897
HK335,0.69897,0.5,-0.30103,1.69897,0.736543,0.496424,-0.256304,1.72939
HK336,0.69897,0.5,-0.30103,1.69897,0.627736,0.498831,-0.369925,1.6254
HK337,0.69897,0.5,-0.30103,1.69897,0.641798,0.491594,-0.34139,1.62499
HK338,0.69897,0.5,-0.30103,1.69897,0.69897,0.5,-0.30103,1.69897
HK339,0.69897,0.5,-0.30103,1.69897,0.69897,0.5,-0.30103,1.69897
HK340,0.69897,0.5,-0.30103,1.69897,0.750244,0.496476,-0.242708,1.74319
HK341,0.69897,0.5,-0.30103,1.69897,0.625626,0.498958,-0.37229,1.62354
HK342,0.69897,0.5,-0.30103,1.69897,0.677927,0.499542,-0.321157,1.67701
HK343,0.69897,0.5,-0.30103,1.69897,0.69897,0.5,-0.30103,1.69897
HK344,0.69897,0.5,-0.30103,1.69897,0.69897,0.5,-0.30103,1.69897
HK345,0.69897,0.5,-0.30103,1.69897,0.703337,0.496664,-0.289992,1.69667
HK346,0.69897,0.5,-0.30103,1.69897,0.671992,0.499191,-0.326391,1.67037
HK347,0.69897,0.5,-0.30103,1.69897,0.581244,0.499069,-0.416894,1.57938
HK348,0.69897,0.5,-0.30103,1.69897,0.69897,0.5,-0.30103,1.69897
HK349,0.69897,0.5,-0.30103,1.69897,0.69897,0.5,-0.30103,1.69897
HK350,0.69897,0.5,-0.30103,1.69897,0.726909,0.496111,-0.265314,1.71913
HK351,0.69897,0.5,-0.30103,1.69897,0.646007,0.497014,-0.348021,1.64003
HK352,0.69897,0.5,-0.30103,1.69897,0.618086,0.496518,-0.37495,1.61112
HK353,0.69897,0.5,-0.30103,1.69897,0.69897,0.5,-0.30103,1.69897
HK354,0.69897,0.5,-0.30103,1.69897,0.69897,0.5,-0.30103,1.69897
HK355,0.69897,0.5,-0.30103,1.69897,0.705062,0.494901,-0.284741,1.69486
HK356,0.69897,0.5,-0.30103,1.69897,0.730954,0.49404,-0.257126,1.71903
HK357,0.69897,0.5,-0.30103,1.69897,0.711687,0.496277,-0.280867,1.70424
HK358,0.69897,0.5,-0.30103,1.69897,0.622718,0.493511,-0.364303,1.60974
HK359,0.69897,0.5,-0.30103,1.69897,0.69897,0.5,-0.30103,1.69897
HK400,0.69897,0.5,-0.30103,1.69897,0.67606,0.493095,-0.310129,1.66225
HK401,0.69897,0.5,-0.30103,1.69897,0.451017,0.494488,-0.53796,1.43999
HK402,0.69897,0.5,-0.30103,1.69897,0.658985,0.492977,-0.326969,1.64494
HK403,0.69897,0.5,-0.30103,1.69897,0.701538,0.381297,-0.0610572,1.46413
HK404,0.69897,0.5,-0.30103,1.69897,0.767411,0.482556,-0.197701,1.73252
HK405,0.69897,0.5,-0.30103,1.69897,0.69897,0.5,-0.30103,1.69897
HK406,0.69897,0.5,-0.30103,1.69897,0.69897,0.5,-0.30103,1.69897
HK407,0.69897,0.5,-0.30103,1.69897,0.69897,0.5,-0.30103,1.69897
HK408,0.69897,0.5,-0.30103,1.69897,0.572644,0.497993,-0.423342,1.56863
HK409,0.69897,0.5,-0.30103,1.69897,0.622532,0.49276,-0.362989,1.60805
HK410,0.69897,0.5,-0.30103,1.69897,0.670971,0.490934,-0.310898,1.65284
HK411,0.69897,0.5,-0.30103,1.69897,0.69897,0.5,-0.30103,1.69897
HK412,0.69897,0.5,-0.30103,1.69897,0.875959,0.493159,-0.110358,1.86228
HK413,0.69897,0.5,-0.30103,1.69897,0.654672,0.49968,-0.344688,1.65403
HK414,0.69897,0.5,-0.30103,1.69897,0.69897,0.5,-0.30103,1.69897
HK415,0.69897,0.5,-0.30103,1.69897,0.412132,0.491449,-0.570766,1.39503
HK416,0.69897,0.5,-0.30103,1.69897,0.541929,0.484246,-0.426562,1.51042
HK417,0.69897,0.5,-0.30103,1.69897,0.58199,0.489595,-0.397199,1.56118
HK418,0.69897,0.5,-0.30103,1.69897,0.669409,0.499299,-0.329188,1.66801
HK419,0.69897,0.5,-0.30103,1.69897,0.549069,0.485511,-0.421953,1.52009
HK420,0.69897,0.5,-0.30103,1.69897,0.69897,0.5,-0.30103,1.69897
HK421,0.69897,0.5,-0.30103,1.69897,0.66387,0.499481,-0.335093,1.66283
HK422,0.69897,0.5,-0.30103,1.69897,0.529172,0.489491,-0.449809,1.50815
HK423,0.69897,0.5,-0.30103,1.69897,0.69897,0.5,-0.30103,1.69897
HK424,0.69897,0.5,-0.30103,1.69897,0.69897,0.5,-0.30103,1.69897
HK425,0.69897,0.5,-0.30103,1.69897,0.710632,0.499453,-0.288275,1.70954
HK426,0.69897,0.5,-0.30103,1.69897,0.699284,0.499896,-0.300508,1.69908
HK427,0.69897,0.5,-0.30103,1.69897,0.588995,0.49274,-0.396484,1.57447
HK428,0.69897,0.5,-0.30103,1.69897,0.677211,0.497352,-0.317493,1.67192
HK429,0.69897,0.5,-0.30103,1.69897,0.69877,0.488954,-0.279139,1.67668
HK430,0.69897,0.5,-0.30103,1.69897,0.57647,0.49798,-0.41949,1.57243
HK431,0.69897,0.5,-0.30103,1.69897,0.632774,0.497087,-0.3614,1.62695
HK432,0.69897,0.5,-0.30103,1.69897,0.697255,0.494467,-0.291679,1.68619
HK433,0.69897,0.5,-0.30103,1.69897,0.69897,0.5,-0.30103,1.69897
HK434,0.69897,0.5,-0.30103,1.69897,0.67926,0.499929,-0.320597,1.67912
HK435,0.69897,0.5,-0.30103,1.69897,0.555049,0.497271,-0.439492,1.54959
HK436,0.69897,0.5,-0.30103,1.69897,0.632515,0.497118,-0.361721,1.62675
HK437,0.69897,0.5,-0.30103,1.69897,0.69897,0.5,-0.30103,1.69897
HK438,0.69897,0.5,-0.30103,1.69897,0.69897,0.5,-0.30103,1.69897
HK439,0.69897,0.5,-0.30103,1.69897,0.751087,0.499753,-0.24842,1.75059
HK440,0.69897,0.5,-0.30103,1.69897,0.56363,0.489501,-0.415372,1.54263
HK441,0.69897,0.5,-0.30103,1.69897,0.623127,0.49832,-0.373512,1.61977
HK442,0.69897,0.5,-0.30103,1.69897,0.69897,0.5,-0.30103,1.69897
HK443,0.69897,0.5,-0.30103,1.69897,0.69897,0.5,-0.30103,1.69897
HK444,0.69897,0.5,-0.30103,1.69897,0.718006,0.49965,-0.281295,1.71731
HK445,0.69897,0.5,-0.30103,1.69897,0.569987,0.497189,-0.42439,1.56436
HK446,0.69897,0.5,-0.30103,1.69897,0.645905,0.498641,-0.351377,1.64319
HK447,0.69897,0.5,-0.30103,1.69897,0.69897,0.5,-0.30103,1.69897
HK448,0.69897,0.5,-0.30103,1.69897,0.724626,0.499944,-0.275263,1.72451
HK449,0.69897,0.5,-0.30103,1.69897,0.666082,0.499659,-0.333237,1.6654
HK450,0.69897,0.5,-0.30103,1.69897,0.694392,0.496541,-0.29869,1.68747
HK451,0.69897,0.5,-0.30103,1.69897,0.697284,0.497351,-0.297418,1.69199
HK452,0.69897,0.5,-0.30103,1.69897,0.69897,0.5,-0.30103,1.69897
HK453,0.69897,0.5,-0.30103,1.69897,0.66265,0.499891,-0.337132,1.66243
HK454,0.69897,0.5,-0.30103,1.69897,0.594262,0.498554,-0.402846,1.59137
HK455,0.69897,0.5,-0.30103,1.69897,0.777105,0.496907,-0.21671,1.77092
HK456,0.69897,0.5,-0.30103,1.69897,0.655833,0.499571,-0.34331,1.65498
HK457,0.69897,0.5,-0.30103,1.69897,0.738555,0.491736,-0.244917,1.72203
HK458,0.69897,0.5,-0.30103,1.69897,0.69897,0.5,-0.30103,1.69897
HK500,0.69897,0.5,-0.30103,1.69897,0.657246,0.493474,-0.329702,1.64419
HK501,0.69897,0.5,-0.30103,1.69897,0.555733,0.498084,-0.440435,1.5519
HK502,0.69897,0.5,-0.30103,1.69897,0.58832,0.497301,-0.406281,1.58292
HK503,0.69897,0.5,-0.30103,1.69897,0.690228,0.42387,-0.157513,1.53797
HK504,0.69897,0.5,-0.30103,1.69897,0.651549,0.493717,-0.335885,1.63898
HK505,0.69897,0.5,-0.30103,1.69897,0.685289,0.493446,-0.301604,1.67218
HK506,0.69897,0.5,-0.30103,1.69897,0.69897,0.5,-0.30103,1.69897
HK507,0.69897,0.5,-0.30103,1.69897,0.696236,0.488691,-0.281146,1.67362
HK508,0.69897,0.5,-0.30103,1.69897,0.452338,0.482123,-0.511907,1.41658
HK509,0.69897,0.5,-0.30103,1.69897,0.682021,0.49346,-0.304899,1.66894
HK510,0.69897,0.5,-0.30103,1.69897,0.69897,0.5,-0.30103,1.69897
HK511,0.69897,0.5,-0.30103,1.69897,0.69897,0.5,-0.30103,1.69897
HK512,0.69897,0.5,-0.30103,1.69897,0.858384,0.481662,-0.104939,1.82171
HK513,0.69897,0.5,-0.30103,1.69897,0.637579,0.493357,-0.349135,1.62429
HK514,0.69897,0.5,-0.30103,1.69897,0.69897,0.5,-0.30103,1.69897
HK515,0.69897,0.5,-0.30103,1.69897,0.919634,0.488378,-0.0571214,1.89639
HK516,0.69897,0.5,-0.30103,1.69897,0.480529,0.488285,-0.496041,1.4571
HK517,0.69897,0.5,-0.30103,1.69897,0.377039,0.490111,-0.603182,1.35726
HK518,0.69897,0.5,-0.30103,1.69897,0.906358,0.490095,-0.0738317,1.88655
HK519,0.69897,0.5,-0.30103,1.69897,0.556077,0.486088,-0.416099,1.52825
HK520,0.69897,0.5,-0.30103,1.69897,0.762473,0.494343,-0.226214,1.75116
HK521,0.69897,0.5,-0.30103,1.69897,0.641342,0.487409,-0.333476,1.61616
HK522,0.69897,0.5,-0.30103,1.69897,0.716427,0.494146,-0.271866,1.70472
HK523,0.69897,0.5,-0.30103,1.69897,0.695596,0.492682,-0.289768,1.68096
HK524,0.69897,0.5,-0.30103,1.69897,0.713032,0.499905,-0.286778,1.71284
HK525,0.69897,0.5,-0.30103,1.69897,0.730528,0.499943,-0.269359,1.73041
HK526,0.69897,0.5,-0.30103,1.69897,0.674862,0.495001,-0.31514,1.66486
HK527,0.69897,0.5,-0.30103,1.69897,0.498836,0.495104,-0.491373,1.48904
HK528,0.69897,0.5,-0.30103,1.69897,0.619822,0.497513,-0.375203,1.61485
HK529,0.69897,0.5,-0.30103,1.69897,0.650976,0.494808,-0.33864,1.64059
HK530,0.69897,0.5,-0.30103,1.69897,0.698632,0.426907,-0.155182,1.55245
HK531,0.69897,0.5,-0.30103,1.69897,0.700335,0.49685,-0.293366,1.69404
HK532,0.69897,0.5,-0.30103,1.69897,0.675058,0.499915,-0.324773,1.67489
HK533,0.69897,0.5,-0.30103,1.69897,0.5406,0.497041,-0.453483,1.53468
HK534,0.69897,0.5,-0.30103,1.69897,0.651473,0.497319,-0.343165,1.64611
HK535,0.69897,0.5,-0.30103,1.69897,0.69897,0.5,-0.30103,1.69897
HK536,0.69897,0.5,-0.30103,1.69897,0.69897,0.5,-0.30103,1.69897
HK537,0.69897,0.5,-0.30103,1.69897,0.65973,0.499962,-0.340195,1.65965
HK538,0.69897,0.5,-0.30103,1.69897,0.611414,0.495883,-0.380352,1.60318
HK539,0.69897,0.5,-0.30103,1.69897,0.648477,0.498804,-0.34913,1.64608
HK540,0.69897,0.5,-0.30103,1.69897,0.69897,0.5,-0.30103,1.69897
HK541,0.69897,0.5,-0.30103,1.69897,0.69897,0.5,-0.30103,1.69897
HK542,0.69897,0.5,-0.30103,1.69897,0.726599,0.499929,-0.273259,1.72646
HK543,0.69897,0.5,-0.30103,1.69897,0.604524,0.497414,-0.390305,1.59935
HK544,0.69897,0.5,-0.30103,1.69897,0.652639,0.49821,-0.343781,1.64906
HK545,0.69897,0.5,-0.30103,1.69897,0.69897,0.5,-0.30103,1.69897
HK546,0.69897,0.5,-0.30103,1.69897,0.651016,0.499946,-0.348877,1.65091
HK547,0.69897,0.5,-0.30103,1.69897,0.709857,0.49997,-0.290082,1.7098
HK548,0.69897,0.5,-0.30103,1.69897,0.644167,0.49813,-0.352092,1.64043
HK549,0.69897,0.5,-0.30103,1.69897,0.697815,0.498296,-0.298776,1.69441
HK550,0.69897,0.5,-0.30103,1.69897,0.726882,0.49993,-0.272979,1.72674
HK551,0.69897,0.5,-0.30103,1.69897,0.733175,0.499929,-0.266683,1.73303
HK552,0.69897,0.5,-0.30103,1.69897,0.692361,0.499827,-0.307293,1.69202
HK553,0.69897,0.5,-0.30103,1.69897,0.610489,0.499391,-0.388292,1.60927
HK554,0.69897,0.5,-0.30103,1.69897,0.732693,0.499909,-0.267126,1.73251
HK555,0.69897,0.5,-0.30103,1.69897,0.725005,0.499652,-0.274299,1.72431
HK556,0.69897,0.5,-0.30103,1.69897,0.69897,0.5,-0.30103,1.69897
HK600,0.69897,0.5,-0.30103,1.69897,0.641963,0.499838,-0.357713,1.64164
HK601,0.69897,0.5,-0.30103,1.69897,0.584733,0.497488,-0.410243,1.57971
HK602,0.69897,0.5,-0.30103,1.69897,0.604224,0.498047,-0.391869,1.60032
HK603,0.69897,0.5,-0.30103,1.69897,0.601316,0.493492,-0.385668,1.5883
HK604,0.69897,0.5,-0.30103,1.69897,0.56437,0.492423,-0.420475,1.54922
HK605,0.69897,0.5,-0.30103,1.69897,0.566259,0.490074,-0.413889,1.54641
HK606,0.69897,0.5,-0.30103,1.69897,0.714767,0.493858,-0.272948,1.70248
HK607,0.69897,0.5,-0.30103,1.69897,0.678008,0.493073,-0.308138,1.66415
HK608,0.69897,0.5,-0.30103,1.69897,0.568072,0.492103,-0.416135,1.55228
HK609,0.69897,0.5,-0.30103,1.69897,0.69897,0.5,-0.30103,1.69897
HK610,0.69897,0.5,-0.30103,1.69897,0.738752,0.494168,-0.249584,1.72709
HK611,0.69897,0.5,-0.30103,1.69897,0.668839,0.452975,-0.23711,1.57479
HK612,0.69897,0.5,-0.30103,1.69897,0.633552,0.499904,-0.366257,1.63336
HK613,0.69897,0.5,-0.30103,1.69897,0.692039,0.47018,-0.248322,1.6324
HK614,0.69897,0.5,-0.30103,1.69897,0.297101,0.497704,-0.698307,1.29251
HK615,0.69897,0.5,-0.30103,1.69897,0.148141,0.494629,-0.841118,1.1374
HK616,0.69897,0.5,-0.30103,1.69897,0.661029,0.490691,-0.320352,1.64241
HK617,0.69897,0.5,-0.30103,1.69897,0.506683,0.493977,-0.481271,1.49464
HK618,0.69897,0.5,-0.30103,1.69897,0.477259,0.495518,-0.513778,1.4683
HK619,0.69897,0.5,-0.30103,1.69897,0.608019,0.491981,-0.375944,1.59198
HK620,0.69897,0.5,-0.30103,1.69897,0.864582,0.494114,-0.123645,1.85281
HK621,0.69897,0.5,-0.30103,1.69897,0.626301,0.496474,-0.366646,1.61925
HK622,0.69897,0.5,-0.30103,1.69897,0.682653,0.499844,-0.317034,1.68234
HK623,0.69897,0.5,-0.30103,1.69897,0.767231,0.493802,-0.220373,1.75483
HK624,0.69897,0.5,-0.30103,1.69897,0.853931,0.495241,-0.136551,1.84441
HK625,0.69897,0.5,-0.30103,1.69897,0.660916,0.499947,-0.338979,1.66081
HK626,0.69897,0.5,-0.30103,1.69897,0.631758,0.494038,-0.356318,1.61983
HK627,0.69897,0.5,-0.30103,1.69897,0.749057,0.492722,-0.236386,1.7345
HK628,0.69897,0.5,-0.30103,1.69897,0.746168,0.496223,-0.246279,1.73861
HK629,0.69897,0.5,-0.30103,1.69897,0.685292,0.499975,-0.314658,1.68524
HK630,0.69897,0.5,-0.30103,1.69897,0.588684,0.494798,-0.400912,1.57828
HK631,0.69897,0.5,-0.30103,1.69897,0.68486,0.499953,-0.315046,1.68477
HK632,0.69897,0.5,-0.30103,1.69897,0.69897,0.5,-0.30103,1.69897
HK633,0.69897,0.5,-0.30103,1.69897,0.69897,0.5,-0.30103,1.69897
HK634,0.69897,0.5,-0.30103,1.69897,0.669165,0.499966,-0.330766,1.6691
HK635,0.69897,0.5,-0.30103,1.69897,0.544602,0.496003,-0.447403,1.53661
HK636,0.69897,0.5,-0.30103,1.69897,0.698825,0.490239,-0.281652,1.6793
HK637,0.69897,0.5,-0.30103,1.69897,0.69897,0.5,-0.30103,1.69897
HK638,0.69897,0.5,-0.30103,1.69897,0.597725,0.49957,-0.401415,1.59687
HK639,0.69897,0.5,-0.30103,1.69897,0.716454,0.499968,-0.283481,1.71639
HK640,0.69897,0.5,-0.30103,1.69897,0.615906,0.497078,-0.37825,1.61006
HK641,0.69897,0.5,-0.30103,1.69897,0.725377,0.49996,-0.274543,1.7253
HK642,0.69897,0.5,-0.30103,1.69897,0.723598,0.499966,-0.276334,1.72353
HK643,0.69897,0.5,-0.30103,1.69897,0.667926,0.499932,-0.331938,1.66779
HK644,0.69897,0.5,-0.30103,1.69897,0.688936,0.499981,-0.311025,1.6889
HK645,0.69897,0.5,-0.30103,1.69897,0.715841,0.49994,-0.284038,1.71572
HK646,0.69897,0.5,-0.30103,1.69897,0.597374,0.499513,-0.401651,1.5964
HK647,0.69897,0.5,-0.30103,1.69897,0.679044,0.499922,-0.3208,1.67889
HK648,0.69897,0.5,-0.30103,1.69897,0.705856,0.499735,-0.293614,1.70533
HK649,0.69897,0.5,-0.30103,1.69897,0.762027,0.499447,-0.236867,1.76092
HK650,0.69897,0.5,-0.30103,1.69897,0.757485,0.49989,-0.242295,1.75726
HK651,0.69897,0.5,-0.30103,1.69897,0.750281,0.499627,-0.248974,1.74954
HK652,0.69897,0.5,-0.30103,1.69897,0.744755,0.499301,-0.253847,1.74336
HK653,0.69897,0.5,-0.30103,1.69897,0.596378,0.497872,-0.399366,1.59212
HK700,0.69897,0.5,-0.30103,1.69897,0.793133,0.494281,-0.195429,1.7817
HK701,0.69897,0.5,-0.30103,1.69897,0.614673,0.498717,-0.382761,1.61211
HK702,0.69897,0.5,-0.30103,1.69897,0.589984,0.498853,-0.407722,1.58769
HK703,0.69897,0.5,-0.30103,1.69897,0.65837,0.493323,-0.328275,1.64502
HK704,0.69897,0.5,-0.30103,1.69897,0.505096,0.498178,-0.49126,1.50145
HK705,0.69897,0.5,-0.30103,1.69897,0.577205,0.498629,-0.420053,1.57446
HK706,0.69897,0.5,-0.30103,1.69897,0.642346,0.499921,-0.357496,1.64219
HK707,0.69897,0.5,-0.30103,1.69897,0.796284,0.494078,-0.191872,1.78444
HK708,0.69897,0.5,-0.30103,1.69897,0.682112,0.499976,-0.317841,1.68206
HK709,0.69897,0.5,-0.30103,1.69897,0.70346,0.494271,-0.285082,1.692
HK710,0.69897,0.5,-0.30103,1.69897,0.481271,0.496937,-0.512604,1.47515
HK711,0.69897,0.5,-0.30103,1.69897,0.510435,0.49945,-0.488466,1.50934
HK712,0.69897,0.5,-0.30103,1.69897,0.475861,0.499414,-0.522967,1.47469
HK713,0.69897,0.5,-0.30103,1.69897,0.610656,0.496564,-0.382471,1.60378
HK714,0.69897,0.5,-0.30103,1.69897,0.531642,0.499641,-0.467639,1.53092
HK715,0.69897,0.5,-0.30103,1.69897,0.77819,0.497651,-0.217113,1.77349
HK716,0.69897,0.5,-0.30103,1.69897,0.714118,0.497403,-0.280688,1.70892
HK717,0.69897,0.5,-0.30103,1.69897,0.754325,0.499758,-0.245191,1.75384
HK718,0.69897,0.5,-0.30103,1.69897,0.609869,0.499504,-0.38914,1.60888
HK719,0.69897,0.5,-0.30103,1.69897,0.638751,0.497979,-0.357208,1.63471
HK720,0.69897,0.5,-0.30103,1.69897,0.691293,0.499985,-0.308676,1.69126
HK721,0.69897,0.5,-0.30103,1.69897,0.718656,0.499805,-0.280954,1.71827
HK722,0.69897,0.5,-0.30103,1.69897,0.709206,0.499592,-0.289979,1.70839
HK723,0.69897,0.5,-0.30103,1.69897,0.735529,0.499907,-0.264286,1.73534
HK724,0.69897,0.5,-0.30103,1.69897,0.581312,0.499528,-0.417745,1.58037
HK725,0.69897,0.5,-0.30103,1.69897,0.651143,0.499928,-0.348713,1.651
HK726,0.69897,0.5,-0.30103,1.69897,0.698524,0.499908,-0.301291,1.69834
HK727,0.69897,0.5,-0.30103,1.69897,0.741588,0.49975,-0.257913,1.74109
HK728,0.69897,0.5,-0.30103,1.69897,0.718644,0.499772,-0.280899,1.71819
HK729,0.69897,0.5,-0.30103,1.69897,0.689015,0.499989,-0.310963,1.68899
HK730,0.69897,0.5,-0.30103,1.69897,0.732913,0.499942,-0.266972,1.7328
HK731,0.69897,0.5,-0.30103,1.69897,0.610069,0.499932,-0.389794,1.60993
HK732,0.69897,0.5,-0.30103,1.69897,0.731757,0.499938,-0.268119,1.73163
HK733,0.69897,0.5,-0.30103,1.69897,0.719095,0.499946,-0.280798,1.71899
HK734,0.69897,0.5,-0.30103,1.69897,0.708346,0.49996,-0.291574,1.70827
HK735,0.69897,0.5,-0.30103,1.69897,0.713431,0.499941,-0.28645,1.71331
HK736,0.69897,0.5,-0.30103,1.69897,0.596015,0.499561,-0.403107,1.59514
HK737,0.69897,0.5,-0.30103,1.69897,0.678149,0.499916,-0.321683,1.67798
HK738,0.69897,0.5,-0.30103,1.69897,0.693427,0.499824,-0.306222,1.69307
HK739,0.69897,0.5,-0.30103,1.69897,0.66203,0.499926,-0.337822,1.66188
HK740,0.69897,0.5,-0.30103,1.69897,0.731767,0.49988,-0.267994,1.73153
HK741,0.69897,0.5,-0.30103,1.69897,0.753619,0.499898,-0.246177,1.75341
HK742,0.69897,0.5,-0.30103,1.69897,0.724305,0.499746,-0.275187,1.7238
HK743,0.69897,0.5,-0.30103,1.69897,0.745823,0.49975,-0.253677,1.74532
HK744,0.69897,0.5,-0.30103,1.69897,0.655258,0.499627,-0.343995,1.65451
HK800,0.69897,0.5,-0.30103,1.69897,0.684403,0.499964,-0.315525,1.68433
HK801,0.69897,0.5,-0.30103,1.69897,0.597558,0.499574,-0.40159,1.59671
HK802,0.69897,0.5,-0.30103,1.69897,0.689193,0.499953,-0.310713,1.6891
HK803,0.69897,0.5,-0.30103,1.69897,0.721255,0.499966,-0.278677,1.72119
HK804,0.69897,0.5,-0.30103,1.69897,0.717646,0.49997,-0.282293,1.71759
HK805,0.69897,0.5,-0.30103,1.69897,0.685442,0.499953,-0.314465,1.68535
HK806,0.69897,0.5,-0.30103,1.69897,0.696313,0.499851,-0.303389,1.69602
HK807,0.69897,0.5,-0.30103,1.69897,0.677835,0.499982,-0.32213,1.6778
HK808,0.69897,0.5,-0.30103,1.69897,0.714412,0.499979,-0.285545,1.71437
HK809,0.69897,0.5,-0.30103,1.69897,0.687684,0.49988,-0.312076,1.68744
HK810,0.69897,0.5,-0.30103,1.69897,0.713982,0.499844,-0.285706,1.71367
HK811,0.69897,0.5,-0.30103,1.69897,0.703044,0.499967,-0.29689,1.70298
HK812,0.69897,0.5,-0.30103,1.69897,0.643344,0.499924,-0.356505,1.64319
HK813,0.69897,0.5,-0.30103,1.69897,0.685006,0.499952,-0.314899,1.68491
HK814,0.69897,0.5,-0.30103,1.69897,0.713615,0.49991,-0.286204,1.71343
HK815,0.69897,0.5,-0.30103,1.69897,0.711181,0.49988,-0.28858,1.71094
HK816,0.69897,0.5,-0.30103,1.69897,0.676809,0.499917,-0.323025,1.67664
HK817,0.69897,0.5,-0.30103,1.69897,0.69565,0.499818,-0.303987,1.69529
HK818,0.69897,0.5,-0.30103,1.69897,0.698335,0.499763,-0.301192,1.69786
HK819,0.69897,0.5,-0.30103,1.69897,0.66144,0.499883,-0.338325,1.66121
HK820,0.69897,0.5,-0.30103,1.69897,0.640539,0.499924,-0.359308,1.64039
HK821,0.69897,0.5,-0.30103,1.69897,0.714419,0.499848,-0.285278,1.71412
HK822,0.69897,0.5,-0.30103,1.69897,0.684424,0.499946,-0.315468,1.68432
HK823,0.69897,0.5,-0.30103,1.69897,0.757101,0.499709,-0.242316,1.75652
HK824,0.69897,0.5,-0.30103,1.69897,0.687864,0.499922,-0.311981,1.68771
HK825,0.69897,0.5,-0.30103,1.69897,0.702388,0.49997,-0.297551,1.70233
HK826,0.69897,0.5,-0.30103,1.69897,0.682013,0.499945,-0.317877,1.6819
HK827,0.69897,0.5,-0.30103,1.69897,0.693999,0.49992,-0.305842,1.69384
HK828,0.69897,0.5,-0.30103,1.69897,0.701088,0.499965,-0.298842,1.70102
HK829,0.69897,0.5,-0.30103,1.69897,0.693111,0.499962,-0.306812,1.69303
HK830,0.69897,0.5,-0.30103,1.69897,0.712025,0.499912,-0.287799,1.71185
HK831,0.69897,0.5,-0.30103,1.69897,0.669751,0.499935,-0.330118,1.66962
HK832,0.69897,0.5,-0.30103,1.69897,0.727885,0.499945,-0.272006,1.72778
HK833,0.69897,0.5,-0.30103,1.69897,0.702941,0.499962,-0.296983,1.70287
HK834,0.69897,0.5,-0.30103,1.69897,0.706035,0.499946,-0.293858,1.70593
HK835,0.69897,0.5,-0.30103,1.69897,0.661346,0.499881,-0.338416,1.66111
HK836,0.69897,0.5,-0.30103,1.69897,0.693393,0.499867,-0.306341,1.69313
HK837,0.69897,0.5,-0.30103,1.69897,0.704854,0.499867,-0.29488,1.70459
HK838,0.69897,0.5,-0.30103,1.69897,0.698989,0.499961,-0.300932,1.69891
HK839,0.69897,0.5,-0.30103,1.69897,0.756438,0.499942,-0.243446,1.75632
HK840,0.69897,0.5,-0.30103,1.69897,0.708966,0.499943,-0.29092,1.70885
HK841,0.69897,0.5,-0.30103,1.69897,0.695041,0.499832,-0.304622,1.6947
HK842,0.69897,0.5,-0.30103,1.69897,0.712454,0.499905,-0.287356,1.71226
HK843,0.69897,0.5,-0.30103,1.69897,0.727624,0.499911,-0.272197,1.72745
HK844,0.69897,0.5,-0.30103,1.69897,0.657359,0.499908,-0.342458,1.65718
